date,cpm_mean,cpm_min,cpm_max,cpm_n,usv_h_mean,usv_h_min,usv_h_max,usv_h_n,site_id,lat,lon,timezone
2026-09-16,15.3147,5.0,32.0,839,0.0995,0.032,0.208,839,MSDS-GMC800-CASEY,39.2974,-87.9818,America/Chicago
2026-09-17,15.2243,5.0,29.0,1440,0.0989,0.032,0.189,1440,MSDS-GMC800-CASEY,39.2974,-87.9818,America/Chicago
2026-09-18,15.3049,4.0,33.0,1440,0.0994,0.026,0.214,1440,MSDS-GMC800-CASEY,39.2974,-87.9818,America/Chicago
2026-09-19,15.0868,5.0,29.0,1440,0.098,0.032,0.189,1440,MSDS-GMC800-CASEY,39.2974,-87.9818,America/Chicago
2026-09-20,15.4618,4.0,31.0,1440,0.1004,0.026,0.201,1440,MSDS-GMC800-CASEY,39.2974,-87.9818,America/Chicago
2026-09-21,15.6069,5.0,31.0,1440,0.1014,0.032,0.201,1440,MSDS-GMC800-CASEY,39.2974,-87.9818,America/Chicago
2026-09-22,14.5958,4.0,29.0,1440,0.0948,0.026,0.189,1440,MSDS-GMC800-CASEY,39.2974,-87.9818,America/Chicago
2026-09-23,14.8882,4.0,29.0,1440,0.0967,0.026,0.189,1440,MSDS-GMC800-CASEY,39.2974,-87.9818,America/Chicago
2026-09-24,14.7229,3.0,28.0,1440,0.0956,0.02,0.182,1440,MSDS-GMC800-CASEY,39.2974,-87.9818,America/Chicago
2026-09-25,14.862,3.0,32.0,1428,0.0965,0.02,0.208,1428,MSDS-GMC800-CASEY,39.2974,-87.9818,America/Chicago
2026-09-26,14.9007,3.0,29.0,1440,0.0968,0.02,0.189,1440,MSDS-GMC800-CASEY,39.2974,-87.9818,America/Chicago
2026-09-27,14.8535,3.0,29.0,1440,0.0965,0.02,0.189,1440,MSDS-GMC800-CASEY,39.2974,-87.9818,America/Chicago
2026-09-28,14.8424,4.0,28.0,1440,0.0964,0.026,0.182,1440,MSDS-GMC800-CASEY,39.2974,-87.9818,America/Chicago
2026-09-29,14.9097,4.0,28.0,1440,0.0968,0.026,0.182,1440,MSDS-GMC800-CASEY,39.2974,-87.9818,America/Chicago
2026-09-30,15.184,4.0,28.0,1440,0.0986,0.026,0.182,1440,MSDS-GMC800-CASEY,39.2974,-87.9818,America/Chicago
2026-10-01,15.2302,4.0,31.0,1438,0.0989,0.026,0.201,1438,MSDS-GMC800-CASEY,39.2974,-87.9818,America/Chicago
2026-10-02,15.0597,5.0,26.0,1440,0.0978,0.032,0.169,1440,MSDS-GMC800-CASEY,39.2974,-87.9818,America/Chicago
2026-10-03,14.7611,4.0,29.0,1440,0.0959,0.026,0.189,1440,MSDS-GMC800-CASEY,39.2974,-87.9818,America/Chicago
2026-10-04,15.0625,5.0,29.0,1440,0.0978,0.032,0.189,1440,MSDS-GMC800-CASEY,39.2974,-87.9818,America/Chicago
2026-10-05,14.9083,5.0,29.0,1440,0.0968,0.032,0.189,1440,MSDS-GMC800-CASEY,39.2974,-87.9818,America/Chicago
2026-10-06,15.1326,4.0,31.0,1440,0.0983,0.026,0.201,1440,MSDS-GMC800-CASEY,39.2974,-87.9818,America/Chicago
2026-10-07,15.2139,3.0,31.0,1440,0.0988,0.02,0.201,1440,MSDS-GMC800-CASEY,39.2974,-87.9818,America/Chicago
2026-10-08,14.9896,5.0,32.0,1440,0.0974,0.032,0.208,1440,MSDS-GMC800-CASEY,39.2974,-87.9818,America/Chicago
2026-10-09,15.1068,5.0,27.0,571,0.0981,0.032,0.176,571,MSDS-GMC800-CASEY,39.2974,-87.9818,America/Chicago
WINDOW_2026-10-09,14.997,3.0,32.0,20244,0.0974,0.02,0.208,20244,MSDS-GMC800-CASEY,39.2974,-87.9818,America/Chicago
