time_local,cpm_mean,cpm_min,cpm_max,cpm_median,n,usv_mean,usv_min,usv_max,usv_median
2026-09-20T00:00:00,15.4833,8.0,22.0,15.0,60,0.1006,0.052,0.143,0.097
2026-09-20T01:00:00,15.75,8.0,26.0,15.0,60,0.1023,0.052,0.169,0.097
2026-09-20T02:00:00,15.9833,9.0,24.0,16.5,60,0.1038,0.058,0.156,0.1075
2026-09-20T03:00:00,15.4833,7.0,24.0,15.0,60,0.1005,0.045,0.156,0.097
2026-09-20T04:00:00,16.25,7.0,26.0,15.0,60,0.1055,0.045,0.169,0.097
2026-09-20T05:00:00,15.3,6.0,26.0,15.0,60,0.0993,0.039,0.169,0.097
2026-09-20T06:00:00,15.3,8.0,26.0,15.0,60,0.0994,0.052,0.169,0.097
2026-09-20T07:00:00,15.4667,8.0,22.0,15.5,60,0.1004,0.052,0.143,0.1005
2026-09-20T08:00:00,15.6333,7.0,27.0,15.0,60,0.1015,0.045,0.176,0.097
2026-09-20T09:00:00,16.6667,5.0,26.0,17.0,60,0.1083,0.032,0.169,0.111
2026-09-20T10:00:00,15.4333,9.0,23.0,15.5,60,0.1003,0.058,0.149,0.1005
2026-09-20T11:00:00,15.7,6.0,26.0,16.0,60,0.102,0.039,0.169,0.104
2026-09-20T12:00:00,15.2833,7.0,23.0,16.0,60,0.0993,0.045,0.149,0.104
2026-09-20T13:00:00,14.3667,7.0,25.0,14.5,60,0.0933,0.045,0.162,0.094
2026-09-20T14:00:00,15.4167,6.0,27.0,14.5,60,0.1002,0.039,0.176,0.094
2026-09-20T15:00:00,15.45,7.0,28.0,16.0,60,0.1004,0.045,0.182,0.104
2026-09-20T16:00:00,14.7333,8.0,25.0,14.5,60,0.0957,0.052,0.162,0.094
2026-09-20T17:00:00,15.4333,8.0,22.0,15.0,60,0.1002,0.052,0.143,0.097
2026-09-20T18:00:00,15.2,4.0,24.0,15.0,60,0.0987,0.026,0.156,0.097
2026-09-20T19:00:00,15.0333,8.0,23.0,14.5,60,0.0976,0.052,0.149,0.094
2026-09-20T20:00:00,15.6167,6.0,22.0,16.0,60,0.1015,0.039,0.143,0.104
2026-09-20T21:00:00,14.95,9.0,24.0,15.0,60,0.0971,0.058,0.156,0.097
2026-09-20T22:00:00,14.4833,6.0,26.0,15.0,60,0.094,0.039,0.169,0.097
2026-09-20T23:00:00,16.6667,8.0,31.0,16.0,60,0.1082,0.052,0.201,0.104
2026-09-21T00:00:00,17.0167,8.0,28.0,16.0,60,0.1106,0.052,0.182,0.104
2026-09-21T01:00:00,17.4167,10.0,27.0,17.0,60,0.1131,0.065,0.176,0.111
2026-09-21T02:00:00,16.6667,9.0,27.0,16.0,60,0.1082,0.058,0.176,0.104
2026-09-21T03:00:00,18.6833,10.0,31.0,18.5,60,0.1214,0.065,0.201,0.12
2026-09-21T04:00:00,18.7833,9.0,31.0,19.0,60,0.122,0.058,0.201,0.123
2026-09-21T05:00:00,18.4,10.0,27.0,17.5,60,0.1196,0.065,0.176,0.114
2026-09-21T06:00:00,16.35,7.0,31.0,16.0,60,0.1061,0.045,0.201,0.104
2026-09-21T07:00:00,15.4,7.0,27.0,14.5,60,0.1001,0.045,0.176,0.094
2026-09-21T08:00:00,15.15,7.0,24.0,15.0,60,0.0984,0.045,0.156,0.097
2026-09-21T09:00:00,15.2,8.0,27.0,15.0,60,0.0987,0.052,0.176,0.097
2026-09-21T10:00:00,14.1167,5.0,23.0,14.0,60,0.0916,0.032,0.149,0.091
2026-09-21T11:00:00,15.15,7.0,28.0,14.0,60,0.0985,0.045,0.182,0.091
2026-09-21T12:00:00,15.0667,8.0,23.0,15.0,60,0.0979,0.052,0.149,0.097
2026-09-21T13:00:00,14.9,6.0,22.0,15.0,60,0.0968,0.039,0.143,0.097
2026-09-21T14:00:00,14.5167,6.0,24.0,14.0,60,0.0943,0.039,0.156,0.091
2026-09-21T15:00:00,14.9667,8.0,27.0,15.0,60,0.0972,0.052,0.176,0.097
2026-09-21T16:00:00,14.4333,5.0,24.0,14.0,60,0.0937,0.032,0.156,0.091
2026-09-21T17:00:00,14.65,6.0,23.0,15.0,60,0.0952,0.039,0.149,0.097
2026-09-21T18:00:00,13.9167,5.0,21.0,14.0,60,0.0903,0.032,0.137,0.091
2026-09-21T19:00:00,15.05,7.0,25.0,15.0,60,0.0977,0.045,0.162,0.097
2026-09-21T20:00:00,15.0667,8.0,24.0,15.0,60,0.0979,0.052,0.156,0.097
2026-09-21T21:00:00,14.2,5.0,24.0,14.0,60,0.0922,0.032,0.156,0.091
2026-09-21T22:00:00,14.5667,6.0,26.0,15.0,60,0.0946,0.039,0.169,0.097
2026-09-21T23:00:00,14.9,9.0,25.0,15.0,60,0.0968,0.058,0.162,0.097
2026-09-22T00:00:00,14.8833,7.0,23.0,15.0,60,0.0967,0.045,0.149,0.097
2026-09-22T01:00:00,14.6,7.0,24.0,14.5,60,0.0948,0.045,0.156,0.094
2026-09-22T02:00:00,13.6333,7.0,22.0,13.0,60,0.0886,0.045,0.143,0.084
2026-09-22T03:00:00,14.4333,7.0,24.0,14.5,60,0.0937,0.045,0.156,0.094
2026-09-22T04:00:00,14.35,7.0,22.0,14.0,60,0.0932,0.045,0.143,0.091
2026-09-22T05:00:00,14.55,9.0,29.0,14.0,60,0.0946,0.058,0.189,0.091
2026-09-22T06:00:00,14.2,7.0,25.0,14.0,60,0.0922,0.045,0.162,0.091
2026-09-22T07:00:00,14.9,5.0,25.0,14.0,60,0.0968,0.032,0.162,0.091
2026-09-22T08:00:00,14.1167,7.0,26.0,14.0,60,0.0917,0.045,0.169,0.091
2026-09-22T09:00:00,14.5167,9.0,24.0,14.0,60,0.0943,0.058,0.156,0.091
2026-09-22T10:00:00,14.4,6.0,25.0,14.0,60,0.0936,0.039,0.162,0.091
2026-09-22T11:00:00,14.05,8.0,25.0,14.0,60,0.0913,0.052,0.162,0.091
2026-09-22T12:00:00,15.1667,8.0,25.0,15.0,60,0.0985,0.052,0.162,0.097
2026-09-22T13:00:00,14.6667,5.0,25.0,14.5,60,0.0952,0.032,0.162,0.094
2026-09-22T14:00:00,14.6,6.0,27.0,14.5,60,0.0949,0.039,0.176,0.094
2026-09-22T15:00:00,15.1667,8.0,23.0,15.5,60,0.0986,0.052,0.149,0.1005
2026-09-22T16:00:00,14.7833,9.0,21.0,14.5,60,0.096,0.058,0.137,0.094
2026-09-22T17:00:00,14.2833,6.0,22.0,14.0,60,0.0928,0.039,0.143,0.091
2026-09-22T18:00:00,15.7667,4.0,25.0,16.0,60,0.1025,0.026,0.162,0.104
2026-09-22T19:00:00,13.9833,6.0,22.0,14.0,60,0.0907,0.039,0.143,0.091
2026-09-22T20:00:00,14.85,7.0,25.0,15.0,60,0.0964,0.045,0.162,0.097
2026-09-22T21:00:00,13.9667,8.0,24.0,13.0,60,0.0907,0.052,0.156,0.084
2026-09-22T22:00:00,15.8333,8.0,24.0,16.0,60,0.1028,0.052,0.156,0.104
2026-09-22T23:00:00,14.6,6.0,24.0,15.0,60,0.0949,0.039,0.156,0.097
2026-09-23T00:00:00,15.2667,6.0,27.0,15.0,60,0.0992,0.039,0.176,0.097
2026-09-23T01:00:00,15.4333,5.0,28.0,14.5,60,0.1003,0.032,0.182,0.094
2026-09-23T02:00:00,14.75,5.0,23.0,15.0,60,0.0958,0.032,0.149,0.097
2026-09-23T03:00:00,14.8833,7.0,24.0,14.5,60,0.0966,0.045,0.156,0.094
2026-09-23T04:00:00,15.35,7.0,29.0,15.0,60,0.0997,0.045,0.189,0.097
2026-09-23T05:00:00,14.9833,5.0,22.0,15.0,60,0.0973,0.032,0.143,0.097
2026-09-23T06:00:00,14.8,8.0,24.0,14.0,60,0.0962,0.052,0.156,0.091
2026-09-23T07:00:00,14.2833,4.0,25.0,14.0,60,0.0927,0.026,0.162,0.091
2026-09-23T08:00:00,14.7833,8.0,23.0,14.0,60,0.096,0.052,0.149,0.091
2026-09-23T09:00:00,15.2,6.0,28.0,15.0,60,0.0987,0.039,0.182,0.097
2026-09-23T10:00:00,13.95,6.0,23.0,14.0,60,0.0906,0.039,0.149,0.091
2026-09-23T11:00:00,15.15,8.0,28.0,15.0,60,0.0984,0.052,0.182,0.097
2026-09-23T12:00:00,14.95,7.0,28.0,15.0,60,0.0972,0.045,0.182,0.097
2026-09-23T13:00:00,15.8,7.0,27.0,15.0,60,0.1026,0.045,0.176,0.097
2026-09-23T14:00:00,14.4333,7.0,22.0,15.0,60,0.0938,0.045,0.143,0.097
2026-09-23T15:00:00,14.4833,8.0,22.0,14.5,60,0.094,0.052,0.143,0.094
2026-09-23T16:00:00,13.7167,5.0,24.0,13.0,60,0.0891,0.032,0.156,0.084
2026-09-23T17:00:00,14.2,8.0,25.0,14.0,60,0.0922,0.052,0.162,0.091
2026-09-23T18:00:00,14.0333,7.0,23.0,14.0,60,0.0912,0.045,0.149,0.091
2026-09-23T19:00:00,14.9667,6.0,25.0,15.0,60,0.0971,0.039,0.162,0.097
2026-09-23T20:00:00,15.4333,8.0,27.0,15.0,60,0.1003,0.052,0.176,0.097
2026-09-23T21:00:00,15.1667,7.0,24.0,15.5,60,0.0986,0.045,0.156,0.1005
2026-09-23T22:00:00,15.8333,6.0,28.0,16.0,60,0.1028,0.039,0.182,0.104
2026-09-23T23:00:00,15.4667,6.0,26.0,15.5,60,0.1005,0.039,0.169,0.1005
2026-09-24T00:00:00,14.3667,8.0,24.0,14.0,60,0.0933,0.052,0.156,0.091
2026-09-24T01:00:00,14.7167,6.0,23.0,14.0,60,0.0956,0.039,0.149,0.091
2026-09-24T02:00:00,14.5667,8.0,25.0,14.0,60,0.0946,0.052,0.162,0.091
2026-09-24T03:00:00,15.1333,6.0,28.0,15.0,60,0.0983,0.039,0.182,0.097
2026-09-24T04:00:00,15.4833,4.0,22.0,16.0,60,0.1006,0.026,0.143,0.104
2026-09-24T05:00:00,14.8,6.0,23.0,15.0,60,0.0961,0.039,0.149,0.097
2026-09-24T06:00:00,14.6833,7.0,28.0,14.5,60,0.0954,0.045,0.182,0.094
2026-09-24T07:00:00,14.95,6.0,25.0,14.5,60,0.097,0.039,0.162,0.094
2026-09-24T08:00:00,15.3667,8.0,25.0,15.0,60,0.0998,0.052,0.162,0.097
2026-09-24T09:00:00,14.9167,8.0,23.0,15.0,60,0.0969,0.052,0.149,0.097
2026-09-24T10:00:00,15.0667,5.0,24.0,15.0,60,0.0979,0.032,0.156,0.097
2026-09-24T11:00:00,14.3667,5.0,24.0,14.0,60,0.0933,0.032,0.156,0.091
2026-09-24T12:00:00,14.4167,5.0,23.0,14.5,60,0.0937,0.032,0.149,0.094
2026-09-24T13:00:00,14.9,6.0,21.0,15.0,60,0.0968,0.039,0.137,0.097
2026-09-24T14:00:00,14.7167,8.0,24.0,15.0,60,0.0956,0.052,0.156,0.097
2026-09-24T15:00:00,14.9833,9.0,24.0,15.0,60,0.0973,0.058,0.156,0.097
2026-09-24T16:00:00,14.4167,7.0,23.0,14.0,60,0.0936,0.045,0.149,0.091
2026-09-24T17:00:00,14.6333,3.0,23.0,14.5,60,0.095,0.02,0.149,0.094
2026-09-24T18:00:00,14.5333,6.0,26.0,14.0,60,0.0945,0.039,0.169,0.091
2026-09-24T19:00:00,15.2167,6.0,27.0,15.0,60,0.0989,0.039,0.176,0.097
2026-09-24T20:00:00,14.0333,7.0,25.0,13.0,60,0.091,0.045,0.162,0.084
2026-09-24T21:00:00,15.15,5.0,25.0,15.0,60,0.0984,0.032,0.162,0.097
2026-09-24T22:00:00,13.75,7.0,26.0,13.0,60,0.0893,0.045,0.169,0.084
2026-09-24T23:00:00,14.1833,4.0,22.0,14.0,60,0.0921,0.026,0.143,0.091
2026-09-25T00:00:00,16.0833,3.0,29.0,15.0,60,0.1045,0.02,0.189,0.097
2026-09-25T01:00:00,15.5833,10.0,24.0,15.0,60,0.1013,0.065,0.156,0.097
2026-09-25T02:00:00,14.6167,6.0,25.0,14.0,60,0.0949,0.039,0.162,0.091
2026-09-25T03:00:00,14.5333,6.0,25.0,15.0,60,0.0944,0.039,0.162,0.097
2026-09-25T04:00:00,15.6,6.0,25.0,15.5,60,0.1013,0.039,0.162,0.1005
2026-09-25T05:00:00,14.3167,7.0,24.0,14.0,60,0.093,0.045,0.156,0.091
2026-09-25T06:00:00,14.0333,6.0,22.0,14.0,60,0.0911,0.039,0.143,0.091
2026-09-25T07:00:00,15.1321,6.0,24.0,16.0,53,0.0982,0.039,0.156,0.104
