Time,Temperature_Fahrenheit,Relative Humidity_Percent
2026/09/16 23:59,78.4,49.3
2026/09/16 23:58,78.4,49.2
2026/09/16 23:57,78.4,49.3
2026/09/16 23:56,78.6,49.3
2026/09/16 23:55,78.6,49.2
2026/09/16 23:54,78.4,49.2
2026/09/16 23:53,78.4,49.2
2026/09/16 23:52,78.6,49.2
2026/09/16 23:51,78.6,49.3
2026/09/16 23:50,78.6,49.3
2026/09/16 23:49,78.6,49.2
2026/09/16 23:48,78.4,49.1
2026/09/16 23:47,78.4,49.2
2026/09/16 23:46,78.6,49.1
2026/09/16 23:45,78.6,49.3
2026/09/16 23:44,78.6,49.1
2026/09/16 23:43,78.6,49.1
2026/09/16 23:42,78.6,49.0
2026/09/16 23:41,78.6,49.1
2026/09/16 23:40,78.6,49.1
2026/09/16 23:39,78.4,49.1
2026/09/16 23:38,78.4,49.1
2026/09/16 23:37,78.6,49.2
2026/09/16 23:36,78.6,49.0
2026/09/16 23:35,78.6,49.0
2026/09/16 23:34,78.6,49.1
2026/09/16 23:33,78.4,49.0
2026/09/16 23:32,78.6,49.1
2026/09/16 23:31,78.4,49.0
2026/09/16 23:30,78.6,49.1
2026/09/16 23:29,78.6,49.1
2026/09/16 23:28,78.6,49.1
2026/09/16 23:27,78.6,48.9
2026/09/16 23:26,78.6,49.0
2026/09/16 23:25,78.6,49.0
2026/09/16 23:24,78.6,48.8
2026/09/16 23:23,78.6,49.0
2026/09/16 23:22,78.6,49.0
2026/09/16 23:21,78.6,49.0
2026/09/16 23:20,78.6,48.8
2026/09/16 23:19,78.6,49.0
2026/09/16 23:18,78.6,48.8
2026/09/16 23:17,78.6,48.8
2026/09/16 23:16,78.6,49.0
2026/09/16 23:15,78.6,48.9
2026/09/16 23:14,78.6,48.8
2026/09/16 23:13,78.6,48.7
2026/09/16 23:12,78.6,48.6
2026/09/16 23:11,78.6,48.7
2026/09/16 23:10,78.6,48.7
2026/09/16 23:09,78.6,48.8
2026/09/16 23:08,78.6,48.6
2026/09/16 23:07,78.6,48.7
2026/09/16 23:06,78.6,48.6
2026/09/16 23:05,78.6,48.6
2026/09/16 23:04,78.6,48.7
2026/09/16 23:03,78.6,48.5
2026/09/16 23:02,78.6,48.7
2026/09/16 23:01,78.6,48.7
2026/09/16 23:00,78.6,48.6
2026/09/16 22:59,78.6,48.7
2026/09/16 22:58,78.6,48.7
2026/09/16 22:57,78.6,48.5
2026/09/16 22:56,78.6,48.6
2026/09/16 22:55,78.6,48.5
2026/09/16 22:54,78.6,48.6
2026/09/16 22:53,78.6,48.6
2026/09/16 22:52,78.6,48.6
2026/09/16 22:51,78.6,48.5
2026/09/16 22:50,78.6,48.5
2026/09/16 22:49,78.6,48.4
2026/09/16 22:48,78.6,48.5
2026/09/16 22:47,78.6,48.5
2026/09/16 22:46,78.6,48.7
2026/09/16 22:45,78.6,48.6
2026/09/16 22:44,78.6,48.7
2026/09/16 22:43,78.6,48.3
2026/09/16 22:42,78.6,48.5
2026/09/16 22:41,78.6,48.4
2026/09/16 22:40,78.6,48.6
2026/09/16 22:39,78.6,48.4
2026/09/16 22:38,78.6,48.4
2026/09/16 22:37,78.6,48.3
2026/09/16 22:36,78.6,48.3
2026/09/16 22:35,78.6,48.3
2026/09/16 22:34,78.6,48.4
2026/09/16 22:33,78.6,48.1
2026/09/16 22:32,78.6,48.2
2026/09/16 22:31,78.6,48.3
2026/09/16 22:30,78.6,48.3
2026/09/16 22:29,78.6,48.3
2026/09/16 22:28,78.6,48.2
2026/09/16 22:27,78.6,48.3
2026/09/16 22:26,78.6,48.2
2026/09/16 22:25,78.6,48.2
2026/09/16 22:24,78.6,48.2
2026/09/16 22:23,78.6,48.0
2026/09/16 22:22,78.6,48.0
2026/09/16 22:21,78.6,48.1
2026/09/16 22:20,78.6,48.0
2026/09/16 22:19,78.6,48.0
2026/09/16 22:18,78.6,47.8
2026/09/16 22:17,78.6,47.9
2026/09/16 22:16,78.6,47.9
2026/09/16 22:15,78.6,47.9
2026/09/16 22:14,78.6,47.7
2026/09/16 22:13,78.6,47.9
2026/09/16 22:12,78.6,47.7
2026/09/16 22:11,78.6,47.7
2026/09/16 22:10,78.6,47.6
2026/09/16 22:09,78.6,47.7
2026/09/16 22:08,78.6,47.5
2026/09/16 22:07,78.6,47.6
2026/09/16 22:06,78.6,47.6
2026/09/16 22:05,78.6,47.5
2026/09/16 22:04,78.6,47.5
2026/09/16 22:03,78.6,47.5
2026/09/16 22:02,78.6,47.4
2026/09/16 22:01,78.6,47.3
2026/09/16 22:00,78.6,47.1
2026/09/16 21:59,78.6,47.2
2026/09/16 21:58,78.6,47.2
2026/09/16 21:57,78.6,47.1
2026/09/16 21:56,78.6,47.2
2026/09/16 21:55,78.6,47.2
2026/09/16 21:54,78.6,47.0
2026/09/16 21:53,78.4,46.9
2026/09/16 21:52,78.6,46.9
2026/09/16 21:51,78.6,46.9
2026/09/16 21:50,78.6,46.8
2026/09/16 21:49,78.6,46.7
2026/09/16 21:48,78.4,46.8
2026/09/16 21:47,78.6,46.8
2026/09/16 21:46,78.6,46.7
2026/09/16 21:45,78.6,46.7
2026/09/16 21:44,78.4,46.6
2026/09/16 21:43,78.6,46.6
2026/09/16 21:42,78.4,46.4
2026/09/16 21:41,78.4,46.4
2026/09/16 21:40,78.4,46.2
2026/09/16 21:39,78.6,46.4
2026/09/16 21:38,78.4,46.2
2026/09/16 21:37,78.4,46.2
2026/09/16 21:36,78.4,46.1
2026/09/16 21:35,78.4,46.0
2026/09/16 21:34,78.4,46.3
2026/09/16 21:33,78.4,46.2
2026/09/16 21:32,78.6,46.0
2026/09/16 21:31,78.4,46.0
2026/09/16 21:30,78.4,45.9
2026/09/16 21:29,78.4,45.8
2026/09/16 21:28,78.4,45.8
2026/09/16 21:27,78.4,45.9
2026/09/16 21:26,78.4,45.8
2026/09/16 21:25,78.4,45.6
2026/09/16 21:24,78.4,45.7
2026/09/16 21:23,78.4,45.6
2026/09/16 21:22,78.4,45.5
2026/09/16 21:21,78.4,45.3
2026/09/16 21:20,78.4,45.1
2026/09/16 21:19,78.4,45.1
2026/09/16 21:18,78.4,45.0
2026/09/16 21:17,78.4,44.8
2026/09/16 21:16,78.4,44.8
2026/09/16 21:15,78.4,44.7
2026/09/16 21:14,78.4,44.5
2026/09/16 21:13,78.3,44.5
2026/09/16 21:12,78.3,44.4
2026/09/16 21:11,78.3,44.3
2026/09/16 21:10,78.3,44.2
2026/09/16 21:09,78.3,44.1
2026/09/16 21:08,78.3,43.9
2026/09/16 21:07,78.3,43.8
2026/09/16 21:06,78.3,43.9
2026/09/16 21:05,78.3,43.4
2026/09/16 21:04,78.3,43.3
2026/09/16 21:03,78.3,43.3
2026/09/16 21:02,78.1,43.3
2026/09/16 21:01,78.3,43.5
2026/09/16 21:00,78.3,43.1
2026/09/16 20:59,78.3,42.9
2026/09/16 20:58,78.3,43.0
2026/09/16 20:57,78.3,43.2
2026/09/16 20:56,78.3,42.9
2026/09/16 20:55,78.3,43.0
2026/09/16 20:54,78.3,43.1
2026/09/16 20:53,78.3,42.8
2026/09/16 20:52,78.3,42.8
2026/09/16 20:51,78.3,42.9
2026/09/16 20:50,78.3,42.8
2026/09/16 20:49,78.3,42.9
2026/09/16 20:48,78.3,43.1
2026/09/16 20:47,78.3,43.2
2026/09/16 20:46,78.3,43.2
2026/09/16 20:45,78.3,43.2
2026/09/16 20:44,78.3,43.2
2026/09/16 20:43,78.3,43.0
2026/09/16 20:42,78.3,43.4
2026/09/16 20:41,78.3,43.1
2026/09/16 20:40,78.3,43.2
2026/09/16 20:39,78.3,43.4
2026/09/16 20:38,78.3,43.6
2026/09/16 20:37,78.3,43.4
2026/09/16 20:36,78.3,43.4
2026/09/16 20:35,78.3,43.6
2026/09/16 20:34,78.3,43.6
2026/09/16 20:33,78.3,43.5
2026/09/16 20:32,78.1,43.4
2026/09/16 20:31,78.1,43.5
2026/09/16 20:30,78.1,43.7
2026/09/16 20:29,78.1,43.7
2026/09/16 20:28,78.1,43.6
2026/09/16 20:27,78.1,43.8
2026/09/16 20:26,78.1,43.8
2026/09/16 20:25,78.1,43.8
2026/09/16 20:24,78.1,43.8
2026/09/16 20:23,78.1,43.9
2026/09/16 20:22,78.3,43.9
2026/09/16 20:21,78.1,44.0
2026/09/16 20:20,78.1,44.0
2026/09/16 20:19,78.1,44.1
2026/09/16 20:18,78.3,44.0
2026/09/16 20:17,78.1,44.1
2026/09/16 20:16,78.1,44.1
2026/09/16 20:15,78.3,44.2
2026/09/16 20:14,78.3,44.2
2026/09/16 20:13,78.1,44.2
2026/09/16 20:12,78.1,44.2
2026/09/16 20:11,78.1,44.3
2026/09/16 20:10,78.1,44.3
2026/09/16 20:09,78.3,44.4
2026/09/16 20:08,78.3,44.3
2026/09/16 20:07,78.3,44.4
2026/09/16 20:06,78.3,44.3
2026/09/16 20:05,78.3,44.2
2026/09/16 20:04,78.3,44.2
2026/09/16 20:03,78.3,44.3
2026/09/16 20:02,78.3,44.2
2026/09/16 20:01,78.3,44.3
2026/09/16 20:00,78.3,44.4
2026/09/16 19:59,78.3,44.4
2026/09/16 19:58,78.3,44.5
2026/09/16 19:57,78.3,44.4
2026/09/16 19:56,78.3,44.5
2026/09/16 19:55,78.3,44.5
2026/09/16 19:54,78.3,44.5
2026/09/16 19:53,78.3,44.5
2026/09/16 19:52,78.3,44.5
2026/09/16 19:51,78.3,44.6
2026/09/16 19:50,78.3,44.6
2026/09/16 19:49,78.3,44.6
2026/09/16 19:48,78.3,44.7
2026/09/16 19:47,78.3,44.8
2026/09/16 19:46,78.3,44.7
2026/09/16 19:45,78.3,44.7
2026/09/16 19:44,78.3,44.8
2026/09/16 19:43,78.3,44.8
2026/09/16 19:42,78.3,44.9
2026/09/16 19:41,78.3,44.9
2026/09/16 19:40,78.3,45.0
2026/09/16 19:39,78.4,45.0
2026/09/16 19:38,78.3,45.1
2026/09/16 19:36,78.4,45.2
2026/09/16 19:35,78.4,45.3
2026/09/16 19:34,78.4,45.2
2026/09/16 19:33,78.4,45.3
2026/09/16 19:32,78.4,45.3
2026/09/16 19:31,78.4,45.4
2026/09/16 19:30,78.4,45.4
2026/09/16 19:29,78.4,45.4
2026/09/16 19:28,78.4,45.5
2026/09/16 19:27,78.4,45.3
2026/09/16 19:26,78.4,45.3
2026/09/16 19:25,78.4,45.3
2026/09/16 19:24,78.4,45.3
2026/09/16 19:23,78.4,45.4
2026/09/16 19:22,78.4,45.5
2026/09/16 19:21,78.4,45.7
2026/09/16 19:20,78.6,45.7
2026/09/16 19:19,78.6,45.8
2026/09/16 19:18,78.4,45.9
2026/09/16 19:17,78.6,45.9
2026/09/16 19:16,78.6,46.0
2026/09/16 19:15,78.6,46.1
2026/09/16 19:14,78.6,46.2
2026/09/16 19:13,78.6,46.3
2026/09/16 19:12,78.6,46.6
2026/09/16 19:11,78.6,46.4
2026/09/16 19:10,78.6,46.4
2026/09/16 19:09,78.6,46.4
2026/09/16 19:08,78.6,46.4
2026/09/16 19:07,78.6,46.4
2026/09/16 19:06,78.6,46.5
2026/09/16 19:05,78.6,46.6
2026/09/16 19:04,78.6,46.6
2026/09/16 19:03,78.6,46.7
2026/09/16 19:02,78.6,46.7
2026/09/16 19:01,78.6,46.8
2026/09/16 19:00,78.6,46.8
2026/09/16 18:59,78.6,46.9
2026/09/16 18:58,78.8,47.1
2026/09/16 18:57,78.6,47.0
2026/09/16 18:56,78.6,47.1
2026/09/16 18:55,78.6,47.2
2026/09/16 18:54,78.6,47.2
2026/09/16 18:53,78.6,47.3
2026/09/16 18:52,78.6,47.3
2026/09/16 18:51,78.6,47.4
2026/09/16 18:50,78.6,47.4
2026/09/16 18:49,78.6,47.7
2026/09/16 18:48,78.6,47.9
2026/09/16 18:47,78.6,47.9
2026/09/16 18:46,78.6,48.0
2026/09/16 18:45,78.6,48.2
2026/09/16 18:44,78.6,48.4
2026/09/16 18:43,78.6,48.5
2026/09/16 18:42,78.6,48.6
2026/09/16 18:41,78.6,48.6
2026/09/16 18:40,78.6,48.6
2026/09/16 18:39,78.6,48.6
2026/09/16 18:38,78.6,48.6
2026/09/16 18:37,78.6,48.7
2026/09/16 18:36,78.6,48.7
2026/09/16 18:35,78.6,48.6
2026/09/16 18:34,78.6,48.6
2026/09/16 18:33,78.4,48.6
2026/09/16 18:32,78.4,48.5
2026/09/16 18:31,78.4,48.4
2026/09/16 18:30,78.4,48.4
2026/09/16 18:29,78.4,48.5
2026/09/16 18:28,78.4,48.5
2026/09/16 18:27,78.4,48.4
2026/09/16 18:26,78.4,48.3
2026/09/16 18:25,78.4,48.2
2026/09/16 18:24,78.4,48.1
2026/09/16 18:23,78.4,47.8
2026/09/16 18:22,78.4,47.7
2026/09/16 18:21,78.4,47.6
2026/09/16 18:20,78.4,47.2
2026/09/16 18:19,78.4,46.8
2026/09/16 18:18,78.4,46.7
2026/09/16 18:17,78.4,46.6
2026/09/16 18:16,78.4,46.4
2026/09/16 18:15,78.4,46.3
2026/09/16 18:14,78.4,46.2
2026/09/16 18:13,78.4,46.1
2026/09/16 18:12,78.6,45.9
2026/09/16 18:11,78.4,46.0
2026/09/16 18:10,78.4,45.9
2026/09/16 18:09,78.6,46.0
2026/09/16 18:08,78.4,46.0
2026/09/16 18:07,78.4,45.9
2026/09/16 18:06,78.6,46.0
2026/09/16 18:05,78.4,45.9
2026/09/16 18:04,78.6,46.0
2026/09/16 18:03,78.6,46.1
2026/09/16 18:02,78.4,46.1
2026/09/16 18:01,78.6,46.1
2026/09/16 18:00,78.4,46.1
2026/09/16 17:59,78.6,46.0
2026/09/16 17:58,78.4,46.2
2026/09/16 17:57,78.4,46.2
2026/09/16 17:56,78.6,46.3
2026/09/16 17:55,78.4,46.3
2026/09/16 17:54,78.6,46.4
2026/09/16 17:53,78.6,46.5
2026/09/16 17:52,78.6,46.4
2026/09/16 17:51,78.6,46.5
2026/09/16 17:50,78.6,46.5
2026/09/16 17:49,78.4,46.5
2026/09/16 17:48,78.4,46.5
2026/09/16 17:47,78.6,46.6
2026/09/16 17:46,78.6,46.6
2026/09/16 17:45,78.6,46.6
2026/09/16 17:44,78.6,46.6
2026/09/16 17:43,78.6,46.6
2026/09/16 17:42,78.6,46.6
2026/09/16 17:41,78.6,46.7
2026/09/16 17:40,78.6,46.6
2026/09/16 17:39,78.6,46.7
2026/09/16 17:38,78.6,46.8
2026/09/16 17:37,78.6,46.8
2026/09/16 17:36,78.6,46.7
2026/09/16 17:35,78.6,46.7
2026/09/16 17:34,78.6,46.8
2026/09/16 17:33,78.6,46.7
2026/09/16 17:32,78.8,46.8
2026/09/16 17:31,78.8,46.6
2026/09/16 17:30,78.8,47.6
2026/09/16 17:29,78.8,47.3
2026/09/16 17:28,78.8,47.4
2026/09/16 17:27,78.8,47.7
2026/09/16 17:26,78.8,47.5
2026/09/16 17:25,78.8,47.6
2026/09/16 17:24,78.8,47.5
2026/09/16 17:23,78.8,47.6
2026/09/16 17:22,78.6,47.7
2026/09/16 17:21,78.8,47.6
2026/09/16 17:20,78.8,48.4
2026/09/16 17:19,78.6,48.4
2026/09/16 17:18,78.6,47.6
2026/09/16 17:17,78.6,47.7
2026/09/16 17:16,78.6,47.7
2026/09/16 17:15,78.6,47.6
2026/09/16 17:14,78.6,47.4
2026/09/16 17:13,78.6,47.6
2026/09/16 17:12,78.6,47.4
2026/09/16 17:11,78.6,47.9
2026/09/16 17:10,78.6,47.6
2026/09/16 17:09,78.6,47.5
2026/09/16 17:08,78.6,48.5
2026/09/16 17:07,78.6,47.4
2026/09/16 17:06,78.6,47.4
2026/09/16 17:05,78.6,47.6
2026/09/16 17:04,78.6,47.6
2026/09/16 17:03,78.6,47.8
2026/09/16 17:02,78.6,47.7
2026/09/16 17:01,78.6,47.3
2026/09/16 17:00,78.6,47.4
2026/09/16 16:59,78.6,47.1
2026/09/16 16:58,78.6,47.2
2026/09/16 16:57,78.6,46.8
2026/09/16 16:56,78.6,46.8
2026/09/16 16:55,78.6,46.7
2026/09/16 16:54,78.6,46.6
2026/09/16 16:53,78.6,46.9
2026/09/16 16:52,78.6,46.9
2026/09/16 16:51,78.6,46.6
2026/09/16 16:50,78.6,46.6
2026/09/16 16:49,78.4,46.4
2026/09/16 16:48,78.6,46.6
2026/09/16 16:47,78.6,47.1
2026/09/16 16:46,78.6,46.6
2026/09/16 16:45,78.6,46.3
2026/09/16 16:44,78.6,46.3
2026/09/16 16:43,78.6,46.3
2026/09/16 16:42,78.6,46.7
2026/09/16 16:41,78.6,46.5
2026/09/16 16:40,78.6,46.2
2026/09/16 16:39,78.6,46.8
2026/09/16 16:38,78.6,46.5
2026/09/16 16:37,78.6,46.5
2026/09/16 16:36,78.6,46.3
2026/09/16 16:35,78.6,47.1
2026/09/16 16:34,78.6,46.2
2026/09/16 16:33,78.6,46.7
2026/09/16 16:32,78.6,46.4
2026/09/16 16:31,78.6,46.3
2026/09/16 16:30,78.6,46.7
2026/09/16 16:29,78.6,47.0
2026/09/16 16:28,78.6,46.6
2026/09/16 16:27,78.6,46.7
2026/09/16 16:26,78.6,46.6
2026/09/16 16:25,78.6,46.6
2026/09/16 16:24,78.6,46.7
2026/09/16 16:23,78.6,46.8
2026/09/16 16:22,78.6,47.1
2026/09/16 16:21,78.6,46.1
2026/09/16 16:20,78.6,46.7
2026/09/16 16:19,78.6,46.6
2026/09/16 16:18,78.6,46.9
2026/09/16 16:17,78.6,46.6
2026/09/16 16:16,78.6,46.5
2026/09/16 16:15,78.6,46.8
2026/09/16 16:14,78.6,46.9
2026/09/16 16:13,78.6,46.9
2026/09/16 16:12,78.6,46.5
2026/09/16 16:11,78.4,46.7
2026/09/16 16:10,78.4,46.6
2026/09/16 16:09,78.4,46.5
2026/09/16 16:08,78.4,46.8
2026/09/16 16:07,78.4,47.0
2026/09/16 16:06,78.4,46.6
2026/09/16 16:05,78.4,46.7
2026/09/16 16:04,78.4,46.7
2026/09/16 16:03,78.4,47.1
2026/09/16 16:02,78.4,46.8
2026/09/16 16:01,78.4,47.0
2026/09/16 16:00,78.4,46.9
2026/09/16 15:59,78.4,47.0
2026/09/16 15:58,78.4,47.0
2026/09/16 15:57,78.4,47.0
2026/09/16 15:56,78.4,46.7
2026/09/16 15:55,78.4,46.8
2026/09/16 15:54,78.4,46.8
2026/09/16 15:53,78.4,46.8
2026/09/16 15:52,78.4,47.0
2026/09/16 15:51,78.4,47.2
2026/09/16 15:50,78.4,47.2
2026/09/16 15:49,78.4,47.4
2026/09/16 15:48,78.3,47.6
2026/09/16 15:47,78.3,47.4
2026/09/16 15:46,78.3,47.0
2026/09/16 15:45,78.4,47.1
2026/09/16 15:44,78.4,47.5
2026/09/16 15:43,78.3,47.8
2026/09/16 15:42,78.3,47.4
2026/09/16 15:41,78.3,47.5
2026/09/16 15:40,78.3,47.8
2026/09/16 15:39,78.3,48.2
2026/09/16 15:38,78.3,47.6
2026/09/16 15:37,78.3,47.5
2026/09/16 15:36,78.3,47.9
2026/09/16 15:35,78.3,47.6
2026/09/16 15:34,78.3,47.6
2026/09/16 15:33,78.3,48.5
2026/09/16 15:32,78.3,47.9
2026/09/16 15:31,78.3,48.3
2026/09/16 15:30,78.3,48.5
2026/09/16 15:29,78.3,48.5
2026/09/16 15:28,78.3,49.1
2026/09/16 15:27,78.3,47.5
2026/09/16 15:26,78.3,47.5
2026/09/16 15:25,78.3,47.6
2026/09/16 15:24,78.3,47.9
2026/09/16 15:23,78.3,48.4
2026/09/16 15:22,78.3,49.0
2026/09/16 15:21,78.3,48.6
2026/09/16 15:20,78.3,49.1
2026/09/16 15:19,78.1,47.8
2026/09/16 15:18,78.3,47.9
2026/09/16 15:17,78.3,48.4
2026/09/16 15:16,78.1,48.6
2026/09/16 15:15,78.1,48.7
2026/09/16 15:14,78.1,48.9
2026/09/16 15:13,78.1,47.8
2026/09/16 15:12,78.1,48.0
2026/09/16 15:11,78.1,48.5
2026/09/16 15:10,78.1,47.8
2026/09/16 15:09,78.1,47.9
2026/09/16 15:08,78.1,49.0
2026/09/16 15:07,78.1,47.9
2026/09/16 15:06,78.1,47.9
2026/09/16 15:05,78.1,49.2
2026/09/16 15:04,77.9,47.8
2026/09/16 15:03,78.1,48.8
2026/09/16 15:02,77.9,48.9
2026/09/16 15:01,77.9,48.7
2026/09/16 15:00,77.9,48.8
2026/09/16 14:59,77.9,48.9
2026/09/16 14:58,77.9,48.3
2026/09/16 14:57,77.9,48.2
2026/09/16 14:56,77.9,48.5
2026/09/16 14:55,77.9,47.9
2026/09/16 14:54,77.9,47.9
2026/09/16 14:53,77.9,48.0
2026/09/16 14:52,77.9,48.4
2026/09/16 14:51,77.9,49.2
2026/09/16 14:50,77.9,48.2
2026/09/16 14:49,77.9,48.6
2026/09/16 14:48,77.9,48.6
2026/09/16 14:47,77.9,48.2
2026/09/16 14:46,77.9,48.7
2026/09/16 14:45,77.9,48.7
2026/09/16 14:44,77.9,48.3
2026/09/16 14:43,77.9,48.3
2026/09/16 14:42,77.9,49.2
2026/09/16 14:41,77.9,48.5
2026/09/16 14:40,77.9,48.5
2026/09/16 14:39,77.9,48.4
2026/09/16 14:38,77.9,49.6
2026/09/16 14:37,77.7,48.8
2026/09/16 14:36,77.9,48.7
2026/09/16 14:35,77.7,48.5
2026/09/16 14:34,77.7,48.2
2026/09/16 14:33,77.7,48.8
2026/09/16 14:32,77.7,48.4
2026/09/16 14:31,77.7,48.6
2026/09/16 14:30,77.7,49.0
2026/09/16 14:29,77.7,49.0
2026/09/16 14:28,77.7,48.9
2026/09/16 14:27,77.7,48.9
2026/09/16 14:26,77.7,49.1
2026/09/16 14:25,77.7,49.2
2026/09/16 14:24,77.7,49.1
2026/09/16 14:23,77.7,49.1
2026/09/16 14:22,77.7,48.9
2026/09/16 14:21,77.7,48.8
2026/09/16 14:20,77.5,48.9
2026/09/16 14:19,77.7,48.9
2026/09/16 14:18,77.7,48.9
2026/09/16 14:17,77.7,49.0
2026/09/16 14:16,77.5,49.0
2026/09/16 14:15,77.5,48.9
2026/09/16 14:14,77.5,48.9
2026/09/16 14:13,77.5,48.8
2026/09/16 14:12,77.5,48.9
2026/09/16 14:11,77.5,48.9
2026/09/16 14:10,77.5,48.9
2026/09/16 14:09,77.5,48.9
2026/09/16 14:08,77.5,48.9
2026/09/16 14:07,77.5,48.8
2026/09/16 14:06,77.5,48.8
2026/09/16 14:05,77.5,48.6
2026/09/16 14:04,77.5,48.6
2026/09/16 14:03,77.5,48.6
2026/09/16 14:02,77.5,48.6
2026/09/16 14:01,77.5,48.7
2026/09/16 14:00,77.5,48.7
2026/09/16 13:59,77.5,48.8
2026/09/16 13:58,77.5,48.9
2026/09/16 13:57,77.5,48.9
2026/09/16 13:56,77.5,49.0
2026/09/16 13:55,77.5,49.0
2026/09/16 13:54,77.5,49.1
2026/09/16 13:53,77.5,49.1
2026/09/16 13:52,77.5,49.2
2026/09/16 13:51,77.5,49.1
2026/09/16 13:50,77.5,49.2
2026/09/16 13:49,77.5,49.2
2026/09/16 13:48,77.5,49.1
2026/09/16 13:47,77.5,49.3
2026/09/16 13:46,77.5,49.2
2026/09/16 13:45,77.5,49.2
2026/09/16 13:44,77.5,49.2
2026/09/16 13:43,77.5,49.2
2026/09/16 13:42,77.5,49.3
2026/09/16 13:41,77.5,49.4
2026/09/16 13:40,77.5,49.4
2026/09/16 13:39,77.5,49.5
2026/09/16 13:38,77.5,49.5
2026/09/16 13:37,77.5,49.4
2026/09/16 13:36,77.5,49.4
2026/09/16 13:35,77.5,49.4
2026/09/16 13:34,77.5,49.5
2026/09/16 13:33,77.5,49.4
2026/09/16 13:32,77.5,49.4
2026/09/16 13:31,77.5,49.4
2026/09/16 13:30,77.5,49.4
2026/09/16 13:29,77.5,49.4
2026/09/16 13:28,77.5,49.4
2026/09/16 13:27,77.5,49.4
2026/09/16 13:26,77.5,49.4
2026/09/16 13:25,77.5,49.4
2026/09/16 13:24,77.5,49.5
2026/09/16 13:23,77.4,49.4
2026/09/16 13:22,77.4,49.3
2026/09/16 13:21,77.5,49.2
2026/09/16 13:20,77.5,49.3
2026/09/16 13:19,77.5,49.3
2026/09/16 13:18,77.4,49.3
2026/09/16 13:17,77.5,49.3
2026/09/16 13:16,77.5,49.2
2026/09/16 13:15,77.4,49.2
2026/09/16 13:14,77.5,49.2
2026/09/16 13:13,77.4,49.2
2026/09/16 13:12,77.4,49.1
2026/09/16 13:11,77.4,49.2
2026/09/16 13:10,77.4,49.2
2026/09/16 13:09,77.4,49.3
2026/09/16 13:08,77.4,49.5
2026/09/16 13:07,77.4,49.4
2026/09/16 13:06,77.4,49.4
2026/09/16 13:05,77.4,49.3
2026/09/16 13:04,77.4,49.5
2026/09/16 13:03,77.4,49.5
2026/09/16 13:02,77.4,49.4
2026/09/16 13:01,77.4,49.5
2026/09/16 13:00,77.4,49.3
2026/09/16 12:59,77.4,49.3
2026/09/16 12:58,77.2,48.8
2026/09/16 12:57,77.4,48.8
2026/09/16 12:56,77.4,48.8
2026/09/16 12:55,77.4,48.9
2026/09/16 12:54,77.2,48.9
2026/09/16 12:53,77.2,48.9
2026/09/16 12:52,77.2,48.9
2026/09/16 12:51,77.2,48.9
2026/09/16 12:50,77.2,49.0
2026/09/16 12:49,77.2,48.9
2026/09/16 12:48,77.2,48.9
2026/09/16 12:47,77.2,48.7
2026/09/16 12:46,77.2,48.6
2026/09/16 12:45,77.2,48.5
2026/09/16 12:44,77.2,48.6
2026/09/16 12:43,77.2,48.7
2026/09/16 12:42,77.2,48.6
2026/09/16 12:41,77.2,48.4
2026/09/16 12:40,77.2,48.3
2026/09/16 12:39,77.2,48.4
2026/09/16 12:38,77.2,48.4
2026/09/16 12:37,77.2,48.3
2026/09/16 12:36,77.2,48.5
2026/09/16 12:35,77.2,48.3
2026/09/16 12:34,77.0,48.3
2026/09/16 12:33,77.2,48.3
2026/09/16 12:32,77.0,47.8
2026/09/16 12:31,77.0,47.8
2026/09/16 12:30,77.0,47.7
2026/09/16 12:29,77.0,47.8
2026/09/16 12:28,77.0,47.7
2026/09/16 12:27,77.0,47.7
2026/09/16 12:26,77.0,47.6
2026/09/16 12:25,77.0,47.5
2026/09/16 12:24,77.0,47.5
2026/09/16 12:23,77.0,47.4
2026/09/16 12:22,77.0,47.5
2026/09/16 12:21,77.0,47.5
2026/09/16 12:20,77.0,47.5
2026/09/16 12:19,77.0,47.4
2026/09/16 12:18,77.0,47.3
2026/09/16 12:17,77.0,47.4
2026/09/16 12:16,77.0,47.3
2026/09/16 12:15,77.0,47.4
2026/09/16 12:14,77.0,47.5
2026/09/16 12:13,77.0,47.4
2026/09/16 12:12,77.0,47.5
2026/09/16 12:11,77.0,47.4
2026/09/16 12:10,77.0,47.5
2026/09/16 12:09,77.0,47.4
2026/09/16 12:08,77.0,47.5
2026/09/16 12:07,77.0,47.6
2026/09/16 12:06,77.0,47.6
2026/09/16 12:05,77.0,47.4
2026/09/16 12:04,77.0,47.5
2026/09/16 12:03,77.0,47.6
2026/09/16 12:02,77.0,47.5
2026/09/16 12:01,77.0,47.5
2026/09/16 12:00,77.0,47.5
2026/09/16 11:59,77.0,47.6
2026/09/16 11:58,77.0,47.7
2026/09/16 11:57,77.0,47.7
2026/09/16 11:56,77.0,47.9
2026/09/16 11:55,76.8,47.9
2026/09/16 11:54,77.0,47.9
2026/09/16 11:53,77.0,47.9
2026/09/16 11:52,77.0,47.9
2026/09/16 11:51,77.0,47.8
2026/09/16 11:50,77.0,48.0
2026/09/16 11:49,76.8,47.9
2026/09/16 11:48,77.0,47.9
2026/09/16 11:47,76.8,47.9
2026/09/16 11:46,76.8,47.9
2026/09/16 11:45,77.0,47.9
2026/09/16 11:44,77.0,47.9
2026/09/16 11:43,77.0,48.2
2026/09/16 11:42,76.8,48.1
2026/09/16 11:41,77.0,48.1
2026/09/16 11:40,77.0,48.2
2026/09/16 11:39,77.0,48.2
2026/09/16 11:38,77.0,48.3
2026/09/16 11:37,77.0,48.3
2026/09/16 11:36,77.0,48.3
2026/09/16 11:35,77.0,48.4
2026/09/16 11:34,77.0,48.4
2026/09/16 11:33,77.0,48.4
2026/09/16 11:32,77.0,48.6
2026/09/16 11:31,77.0,48.7
2026/09/16 11:30,77.0,48.9
2026/09/16 11:29,77.0,49.2
2026/09/16 11:28,77.0,49.8
2026/09/16 11:27,77.0,48.1
2026/09/16 11:26,77.0,48.1
2026/09/16 11:25,77.0,48.1
2026/09/16 11:24,77.0,48.0
2026/09/16 11:23,77.0,48.2
2026/09/16 11:22,77.0,48.1
2026/09/16 11:21,77.0,48.2
2026/09/16 11:20,77.0,48.1
2026/09/16 11:19,77.0,48.1
2026/09/16 11:18,77.0,48.3
2026/09/16 11:17,77.0,48.3
2026/09/16 11:16,77.0,48.4
2026/09/16 11:15,77.0,48.2
2026/09/16 11:14,77.0,48.3
2026/09/16 11:13,77.0,48.5
2026/09/16 11:12,77.0,48.4
2026/09/16 11:11,77.0,48.5
2026/09/16 11:10,77.0,48.4
2026/09/16 11:09,77.2,48.7
2026/09/16 11:08,77.0,48.7
2026/09/16 11:07,77.2,48.8
2026/09/16 11:06,77.2,49.0
2026/09/16 11:05,77.2,49.0
2026/09/16 11:04,77.2,48.9
2026/09/16 11:03,77.2,49.1
2026/09/16 11:02,77.2,49.1
2026/09/16 11:01,77.2,49.1
2026/09/16 11:00,77.2,49.2
2026/09/16 10:59,77.2,49.2
2026/09/16 10:58,77.2,49.3
2026/09/16 10:57,77.2,49.4
2026/09/16 10:56,77.2,49.5
2026/09/16 10:55,77.2,49.5
2026/09/16 10:54,77.2,49.6
2026/09/16 10:53,77.2,49.6
2026/09/16 10:52,77.2,49.6
2026/09/16 10:51,77.2,49.7
2026/09/16 10:50,77.2,49.8
2026/09/16 10:49,77.2,49.9
2026/09/16 10:48,77.2,49.7
2026/09/16 10:47,77.2,49.8
2026/09/16 10:46,77.2,49.7
2026/09/16 10:45,77.2,50.1
2026/09/16 10:44,77.2,50.1
2026/09/16 10:43,77.2,50.2
2026/09/16 10:42,77.2,50.2
2026/09/16 10:41,77.2,50.2
2026/09/16 10:40,77.2,50.3
2026/09/16 10:39,77.2,50.5
2026/09/16 10:38,77.2,50.4
2026/09/16 10:37,77.2,50.5
2026/09/16 10:36,77.2,50.5
2026/09/16 10:35,77.2,50.7
2026/09/16 10:34,77.2,50.8
2026/09/16 10:33,77.2,50.9
2026/09/16 10:32,77.2,50.8
2026/09/16 10:31,77.2,50.6
2026/09/16 10:30,77.2,50.6
2026/09/16 10:29,77.2,50.8
2026/09/16 10:28,77.2,50.4
2026/09/16 10:27,77.2,50.3
2026/09/16 10:26,77.2,50.4
2026/09/16 10:25,77.2,50.3
2026/09/16 10:24,77.2,49.9
2026/09/16 10:23,77.2,49.7
2026/09/16 10:22,77.2,49.6
2026/09/16 10:21,77.2,49.6
2026/09/16 10:20,77.2,49.6
2026/09/16 10:19,77.2,49.6
2026/09/16 10:18,77.2,49.6
2026/09/16 10:17,77.2,49.7
2026/09/16 10:16,77.2,49.6
2026/09/16 10:15,77.2,49.5
2026/09/16 10:14,77.2,49.6
2026/09/16 10:13,77.2,49.5
2026/09/16 10:12,77.2,49.5
2026/09/16 10:11,77.2,49.5
2026/09/16 10:10,77.4,49.5
2026/09/16 10:09,77.4,49.5
2026/09/16 10:08,77.4,49.5
2026/09/16 10:07,77.4,49.4
2026/09/16 10:06,77.4,49.5
2026/09/16 10:05,77.4,49.5
2026/09/16 10:04,77.4,49.4
2026/09/16 10:03,77.4,49.5
2026/09/16 10:02,77.4,49.4
2026/09/16 10:01,77.4,49.5
2026/09/16 10:00,77.4,49.4
2026/09/16 09:59,77.4,49.3
2026/09/16 09:58,77.4,49.3
2026/09/16 09:57,77.4,49.3
2026/09/16 09:56,77.4,49.2
2026/09/16 09:55,77.4,49.3
2026/09/16 09:54,77.2,49.1
2026/09/16 09:53,77.4,49.1
2026/09/16 09:52,77.4,49.1
2026/09/16 09:51,77.4,49.0
2026/09/16 09:50,77.2,49.0
2026/09/16 09:49,77.2,49.1
2026/09/16 09:48,77.4,49.1
2026/09/16 09:47,77.2,49.0
2026/09/16 09:46,77.2,49.0
2026/09/16 09:45,77.4,49.1
2026/09/16 09:44,77.2,49.1
2026/09/16 09:43,77.2,49.1
2026/09/16 09:42,77.4,49.1
2026/09/16 09:41,77.4,49.2
2026/09/16 09:40,77.2,49.2
2026/09/16 09:39,77.2,49.1
2026/09/16 09:38,77.2,49.1
2026/09/16 09:37,77.2,49.2
2026/09/16 09:36,77.2,49.2
2026/09/16 09:35,77.2,49.2
2026/09/16 09:34,77.2,49.2
2026/09/16 09:33,77.2,49.2
2026/09/16 09:32,77.2,49.1
2026/09/16 09:31,77.2,49.2
2026/09/16 09:30,77.2,49.2
2026/09/16 09:29,77.2,49.1
2026/09/16 09:28,77.2,49.0
2026/09/16 09:27,77.2,49.0
2026/09/16 09:26,77.2,49.1
2026/09/16 09:25,77.2,49.1
2026/09/16 09:24,77.2,49.2
2026/09/16 09:23,77.2,49.2
2026/09/16 09:22,77.2,49.3
2026/09/16 09:21,77.2,49.3
2026/09/16 09:20,77.2,49.4
2026/09/16 09:19,77.2,49.4
2026/09/16 09:18,77.2,49.4
2026/09/16 09:17,77.2,49.2
2026/09/16 09:16,77.2,49.3
2026/09/16 09:15,77.2,49.3
2026/09/16 09:14,77.2,49.4
2026/09/16 09:13,77.2,49.4
2026/09/16 09:12,77.2,49.4
2026/09/16 09:11,77.2,49.5
2026/09/16 09:10,77.2,49.5
2026/09/16 09:09,77.4,49.5
2026/09/16 09:08,77.2,49.5
2026/09/16 09:07,77.4,49.6
2026/09/16 09:06,77.4,49.6
2026/09/16 09:05,77.4,49.7
2026/09/16 09:04,77.4,49.7
2026/09/16 09:03,77.4,49.8
2026/09/16 09:02,77.4,49.7
2026/09/16 09:01,77.4,49.8
2026/09/16 09:00,77.4,49.8
2026/09/16 08:59,77.4,49.8
2026/09/16 08:58,77.4,49.9
2026/09/16 08:57,77.4,49.9
2026/09/16 08:56,77.4,50.1
2026/09/16 08:55,77.4,50.1
2026/09/16 08:54,77.2,50.1
2026/09/16 08:53,77.4,50.2
2026/09/16 08:52,77.2,50.2
2026/09/16 08:51,77.4,50.2
2026/09/16 08:50,77.4,50.2
2026/09/16 08:49,77.4,50.3
2026/09/16 08:48,77.4,50.2
2026/09/16 08:47,77.4,50.2
2026/09/16 08:46,77.4,50.2
2026/09/16 08:45,77.4,50.2
2026/09/16 08:44,77.4,50.3
2026/09/16 08:43,77.4,50.0
2026/09/16 08:42,77.4,50.1
2026/09/16 08:41,77.4,50.0
2026/09/16 08:40,77.4,50.0
2026/09/16 08:39,77.4,49.9
2026/09/16 08:38,77.4,50.0
2026/09/16 08:37,77.4,50.0
2026/09/16 08:36,77.4,50.1
2026/09/16 08:35,77.4,50.3
2026/09/16 08:34,77.4,50.3
2026/09/16 08:33,77.4,50.5
2026/09/16 08:32,77.4,50.6
2026/09/16 08:31,77.4,50.5
2026/09/16 08:30,77.4,50.2
2026/09/16 08:29,77.4,49.9
2026/09/16 08:28,77.4,49.9
2026/09/16 08:27,77.4,49.9
2026/09/16 08:26,77.4,50.1
2026/09/16 08:25,77.4,50.4
2026/09/16 08:24,77.4,50.3
2026/09/16 08:23,77.4,50.4
2026/09/16 08:22,77.4,50.5
2026/09/16 08:21,77.4,50.6
2026/09/16 08:20,77.4,50.2
2026/09/16 08:19,77.4,50.2
2026/09/16 08:18,77.4,50.3
2026/09/16 08:17,77.4,50.3
2026/09/16 08:16,77.4,50.0
2026/09/16 08:15,77.4,50.0
2026/09/16 08:14,77.4,50.1
2026/09/16 08:13,77.4,50.2
2026/09/16 08:12,77.4,50.3
2026/09/16 08:11,77.4,50.2
2026/09/16 08:10,77.4,50.0
2026/09/16 08:09,77.4,49.9
2026/09/16 08:08,77.4,49.8
2026/09/16 08:07,77.4,49.8
2026/09/16 08:06,77.4,50.0
2026/09/16 08:05,77.4,49.8
2026/09/16 08:04,77.4,49.8
2026/09/16 08:03,77.4,49.6
2026/09/16 08:02,77.4,49.7
2026/09/16 08:01,77.4,49.6
2026/09/16 08:00,77.4,49.6
2026/09/16 07:59,77.4,49.7
2026/09/16 07:58,77.4,49.7
2026/09/16 07:57,77.4,49.7
2026/09/16 07:56,77.4,49.8
2026/09/16 07:55,77.4,49.8
2026/09/16 07:54,77.4,50.0
2026/09/16 07:53,77.4,50.1
2026/09/16 07:52,77.4,50.5
2026/09/16 07:51,77.4,50.2
2026/09/16 07:50,77.4,50.0
2026/09/16 07:49,77.4,49.9
2026/09/16 07:48,77.4,49.9
2026/09/16 07:47,77.4,49.8
2026/09/16 07:46,77.4,50.1
2026/09/16 07:45,77.4,49.8
2026/09/16 07:44,77.4,49.8
2026/09/16 07:43,77.4,49.7
2026/09/16 07:42,77.4,49.7
2026/09/16 07:41,77.4,49.6
2026/09/16 07:40,77.4,49.9
2026/09/16 07:39,77.4,49.9
2026/09/16 07:38,77.4,50.0
2026/09/16 07:37,77.4,49.8
2026/09/16 07:36,77.4,49.7
2026/09/16 07:35,77.4,49.8
2026/09/16 07:34,77.4,50.0
2026/09/16 07:33,77.4,50.0
2026/09/16 07:32,77.4,50.0
2026/09/16 07:31,77.4,49.9
2026/09/16 07:30,77.4,50.3
2026/09/16 07:29,77.4,49.8
2026/09/16 07:28,77.4,50.1
2026/09/16 07:27,77.4,50.0
2026/09/16 07:26,77.5,49.9
2026/09/16 07:25,77.4,49.9
2026/09/16 07:24,77.4,49.9
2026/09/16 07:23,77.5,49.9
2026/09/16 07:22,77.4,49.5
2026/09/16 07:21,77.4,49.5
2026/09/16 07:20,77.5,49.7
2026/09/16 07:19,77.4,49.9
2026/09/16 07:18,77.5,50.3
2026/09/16 07:17,77.5,49.8
2026/09/16 07:16,77.5,49.9
2026/09/16 07:15,77.5,49.7
2026/09/16 07:14,77.5,49.7
2026/09/16 07:13,77.5,49.5
2026/09/16 07:12,77.5,49.6
2026/09/16 07:11,77.5,49.6
2026/09/16 07:10,77.5,49.8
2026/09/16 07:09,77.5,50.0
2026/09/16 07:08,77.5,50.5
2026/09/16 07:07,77.5,50.3
2026/09/16 07:06,77.5,50.6
2026/09/16 07:05,77.5,50.0
2026/09/16 07:04,77.5,50.0
2026/09/16 07:03,77.5,50.0
2026/09/16 07:02,77.5,49.7
2026/09/16 07:01,77.5,49.8
2026/09/16 07:00,77.5,49.8
2026/09/16 06:59,77.5,49.7
2026/09/16 06:58,77.5,49.3
2026/09/16 06:57,77.5,49.1
2026/09/16 06:56,77.5,49.0
2026/09/16 06:55,77.5,49.1
2026/09/16 06:54,77.5,48.9
2026/09/16 06:53,77.5,48.9
2026/09/16 06:52,77.5,49.1
2026/09/16 06:51,77.5,48.9
2026/09/16 06:50,77.5,48.9
2026/09/16 06:49,77.5,49.0
2026/09/16 06:48,77.5,48.9
2026/09/16 06:47,77.5,48.9
2026/09/16 06:46,77.5,48.9
2026/09/16 06:45,77.5,48.8
2026/09/16 06:44,77.5,48.9
2026/09/16 06:43,77.5,48.8
2026/09/16 06:42,77.5,48.7
2026/09/16 06:41,77.5,48.8
2026/09/16 06:40,77.5,48.9
2026/09/16 06:39,77.5,48.9
2026/09/16 06:38,77.5,48.8
2026/09/16 06:37,77.5,48.7
2026/09/16 06:36,77.5,48.6
2026/09/16 06:35,77.5,48.5
2026/09/16 06:34,77.5,48.5
2026/09/16 06:33,77.5,48.7
2026/09/16 06:32,77.5,48.6
2026/09/16 06:31,77.5,48.5
2026/09/16 06:30,77.7,48.4
2026/09/16 06:29,77.5,48.4
2026/09/16 06:28,77.7,48.4
2026/09/16 06:27,77.7,48.4
2026/09/16 06:26,77.5,48.5
2026/09/16 06:25,77.7,48.5
2026/09/16 06:24,77.7,48.6
2026/09/16 06:23,77.7,48.6
2026/09/16 06:22,77.7,48.4
2026/09/16 06:21,77.7,48.5
2026/09/16 06:20,77.5,48.5
2026/09/16 06:19,77.7,48.4
2026/09/16 06:18,77.7,48.4
2026/09/16 06:17,77.7,48.4
2026/09/16 06:16,77.7,48.4
2026/09/16 06:15,77.7,48.4
2026/09/16 06:14,77.7,48.5
2026/09/16 06:13,77.7,48.5
2026/09/16 06:12,77.7,48.4
2026/09/16 06:11,77.7,48.6
2026/09/16 06:10,77.7,48.5
2026/09/16 06:09,77.7,48.5
2026/09/16 06:08,77.7,48.5
2026/09/16 06:07,77.7,48.5
2026/09/16 06:06,77.7,48.4
2026/09/16 06:05,77.7,48.3
2026/09/16 06:04,77.7,48.4
2026/09/16 06:03,77.7,48.5
2026/09/16 06:02,77.7,48.6
2026/09/16 06:01,77.7,48.5
2026/09/16 06:00,77.7,48.5
2026/09/16 05:59,77.7,48.5
2026/09/16 05:58,77.7,48.5
2026/09/16 05:57,77.7,48.8
2026/09/16 05:56,77.7,48.7
2026/09/16 05:55,77.7,48.5
2026/09/16 05:54,77.7,48.5
2026/09/16 05:53,77.7,48.5
2026/09/16 05:52,77.7,48.4
2026/09/16 05:51,77.7,48.4
2026/09/16 05:50,77.7,48.4
2026/09/16 05:49,77.7,48.4
2026/09/16 05:48,77.7,48.4
2026/09/16 05:47,77.7,48.4
2026/09/16 05:46,77.7,48.4
2026/09/16 05:45,77.7,48.3
2026/09/16 05:44,77.7,48.3
2026/09/16 05:43,77.9,48.3
2026/09/16 05:42,77.7,48.3
2026/09/16 05:41,77.9,48.4
2026/09/16 05:40,77.7,48.3
2026/09/16 05:39,77.7,48.3
2026/09/16 05:38,77.9,48.3
2026/09/16 05:37,77.9,48.2
2026/09/16 05:36,77.9,48.2
2026/09/16 05:35,77.9,48.4
2026/09/16 05:34,77.9,48.3
2026/09/16 05:33,77.9,48.5
2026/09/16 05:32,77.9,48.3
2026/09/16 05:31,77.9,48.3
2026/09/16 05:30,77.9,48.4
2026/09/16 05:29,77.9,48.4
2026/09/16 05:28,77.9,48.3
2026/09/16 05:27,77.9,48.3
2026/09/16 05:26,77.9,48.4
2026/09/16 05:25,77.9,48.3
2026/09/16 05:24,77.9,48.5
2026/09/16 05:23,77.9,48.4
2026/09/16 05:22,77.9,48.4
2026/09/16 05:21,77.9,48.3
2026/09/16 05:20,77.9,48.4
2026/09/16 05:19,77.9,48.3
2026/09/16 05:18,77.9,48.2
2026/09/16 05:17,77.9,48.3
2026/09/16 05:16,77.9,48.4
2026/09/16 05:15,77.9,48.4
2026/09/16 05:14,77.9,48.4
2026/09/16 05:13,77.9,48.3
2026/09/16 05:12,77.9,48.3
2026/09/16 05:11,77.9,48.3
2026/09/16 05:10,77.9,48.2
2026/09/16 05:09,77.9,48.5
2026/09/16 05:08,77.9,48.4
2026/09/16 05:07,77.9,48.4
2026/09/16 05:06,77.9,48.3
2026/09/16 05:05,77.9,48.3
2026/09/16 05:04,77.9,48.4
2026/09/16 05:03,77.9,48.3
2026/09/16 05:02,77.9,48.4
2026/09/16 05:01,77.9,48.3
2026/09/16 05:00,77.9,48.4
2026/09/16 04:59,77.9,48.4
2026/09/16 04:58,77.9,48.4
2026/09/16 04:57,77.9,48.3
2026/09/16 04:56,77.9,48.3
2026/09/16 04:55,77.9,48.2
2026/09/16 04:54,77.9,48.3
2026/09/16 04:53,77.9,48.2
2026/09/16 04:52,77.9,48.2
2026/09/16 04:51,77.9,48.1
2026/09/16 04:50,77.9,48.1
2026/09/16 04:49,77.9,48.0
2026/09/16 04:48,77.9,48.2
2026/09/16 04:47,77.9,48.1
2026/09/16 04:46,77.9,48.1
2026/09/16 04:45,77.9,48.1
2026/09/16 04:44,77.9,48.1
2026/09/16 04:43,77.9,48.0
2026/09/16 04:42,77.9,48.1
2026/09/16 04:41,78.1,48.0
2026/09/16 04:40,77.9,48.1
2026/09/16 04:39,77.9,48.1
2026/09/16 04:38,77.9,48.1
2026/09/16 04:37,78.1,48.0
2026/09/16 04:36,77.9,48.0
2026/09/16 04:35,77.9,48.0
2026/09/16 04:34,78.1,48.0
2026/09/16 04:33,77.9,48.2
2026/09/16 04:32,78.1,48.0
2026/09/16 04:31,78.1,48.1
2026/09/16 04:30,78.1,48.0
2026/09/16 04:29,78.1,48.0
2026/09/16 04:28,78.1,48.0
2026/09/16 04:27,78.1,48.0
2026/09/16 04:26,78.1,48.1
2026/09/16 04:25,78.1,48.1
2026/09/16 04:24,78.1,48.2
2026/09/16 04:23,78.1,48.1
2026/09/16 04:22,78.1,48.1
2026/09/16 04:21,78.1,48.2
2026/09/16 04:20,78.1,48.1
2026/09/16 04:19,78.1,48.1
2026/09/16 04:18,78.1,48.1
2026/09/16 04:17,78.1,48.2
2026/09/16 04:16,78.1,48.2
2026/09/16 04:15,78.1,48.2
2026/09/16 04:14,78.1,48.3
2026/09/16 04:13,78.1,48.2
2026/09/16 04:12,78.1,48.0
2026/09/16 04:11,78.1,48.1
2026/09/16 04:10,78.1,48.1
2026/09/16 04:09,78.1,48.1
2026/09/16 04:08,78.1,48.1
2026/09/16 04:07,78.1,48.2
2026/09/16 04:06,78.1,48.2
2026/09/16 04:05,78.1,48.2
2026/09/16 04:04,78.1,48.2
2026/09/16 04:03,78.1,48.1
2026/09/16 04:02,78.1,48.2
2026/09/16 04:01,78.1,48.0
2026/09/16 04:00,78.1,48.0
2026/09/16 03:59,78.1,48.1
2026/09/16 03:58,78.1,48.1
2026/09/16 03:57,78.1,48.0
2026/09/16 03:56,78.1,48.2
2026/09/16 03:55,78.1,48.2
2026/09/16 03:54,78.1,48.2
2026/09/16 03:53,78.1,48.1
2026/09/16 03:52,78.1,48.1
2026/09/16 03:51,78.1,48.1
2026/09/16 03:50,78.1,48.4
2026/09/16 03:49,78.1,48.1
2026/09/16 03:48,78.1,48.3
2026/09/16 03:47,78.1,48.2
2026/09/16 03:46,78.1,48.4
2026/09/16 03:45,78.1,48.3
2026/09/16 03:44,78.1,48.4
2026/09/16 03:43,78.1,48.4
2026/09/16 03:42,78.1,48.4
2026/09/16 03:41,78.1,48.4
2026/09/16 03:40,78.1,48.4
2026/09/16 03:39,78.3,48.5
2026/09/16 03:38,78.1,48.3
2026/09/16 03:37,78.3,48.1
2026/09/16 03:36,78.3,48.3
2026/09/16 03:35,78.3,48.3
2026/09/16 03:34,78.1,48.2
2026/09/16 03:33,78.1,48.2
2026/09/16 03:32,78.3,48.2
2026/09/16 03:31,78.3,48.1
2026/09/16 03:30,78.3,48.4
2026/09/16 03:29,78.1,48.3
2026/09/16 03:28,78.3,48.1
2026/09/16 03:27,78.3,48.0
2026/09/16 03:26,78.3,48.1
2026/09/16 03:25,78.1,48.0
2026/09/16 03:24,78.3,48.0
2026/09/16 03:23,78.3,48.0
2026/09/16 03:22,78.1,47.9
2026/09/16 03:21,78.3,47.9
2026/09/16 03:20,78.3,48.1
2026/09/16 03:19,78.3,48.0
2026/09/16 03:18,78.3,47.9
2026/09/16 03:17,78.3,48.0
2026/09/16 03:16,78.3,47.9
2026/09/16 03:15,78.3,48.0
2026/09/16 03:14,78.3,48.0
2026/09/16 03:13,78.3,47.9
2026/09/16 03:12,78.3,48.0
2026/09/16 03:11,78.3,48.0
2026/09/16 03:10,78.3,48.0
2026/09/16 03:09,78.3,47.9
2026/09/16 03:08,78.3,48.0
2026/09/16 03:07,78.3,48.1
2026/09/16 03:06,78.3,48.1
2026/09/16 03:05,78.3,48.3
2026/09/16 03:04,78.3,48.2
2026/09/16 03:03,78.3,48.3
2026/09/16 03:02,78.3,48.2
2026/09/16 03:01,78.3,48.2
2026/09/16 03:00,78.3,48.2
2026/09/16 02:59,78.3,48.2
2026/09/16 02:58,78.3,48.3
2026/09/16 02:57,78.3,48.3
2026/09/16 02:56,78.3,48.3
2026/09/16 02:55,78.3,48.3
2026/09/16 02:54,78.3,48.3
2026/09/16 02:53,78.3,48.2
2026/09/16 02:52,78.3,48.2
2026/09/16 02:51,78.3,48.2
2026/09/16 02:50,78.3,48.3
2026/09/16 02:49,78.3,48.2
2026/09/16 02:48,78.3,48.1
2026/09/16 02:47,78.3,48.2
2026/09/16 02:46,78.3,48.2
2026/09/16 02:45,78.3,48.1
2026/09/16 02:44,78.3,48.2
2026/09/16 02:43,78.3,48.1
2026/09/16 02:42,78.3,48.1
2026/09/16 02:41,78.3,48.1
2026/09/16 02:40,78.3,48.0
2026/09/16 02:39,78.3,48.1
2026/09/16 02:38,78.3,48.1
2026/09/16 02:37,78.3,48.1
2026/09/16 02:36,78.3,48.0
2026/09/16 02:35,78.3,48.0
2026/09/16 02:34,78.3,48.0
2026/09/16 02:33,78.3,48.0
2026/09/16 02:32,78.3,47.9
2026/09/16 02:31,78.3,48.0
2026/09/16 02:30,78.3,47.9
2026/09/16 02:29,78.3,47.9
2026/09/16 02:28,78.3,48.0
2026/09/16 02:27,78.3,47.9
2026/09/16 02:26,78.3,47.9
2026/09/16 02:25,78.3,47.8
2026/09/16 02:24,78.3,47.7
2026/09/16 02:23,78.3,47.7
2026/09/16 02:22,78.3,47.7
2026/09/16 02:21,78.3,47.7
2026/09/16 02:20,78.3,47.7
2026/09/16 02:19,78.3,47.6
2026/09/16 02:18,78.3,47.7
2026/09/16 02:17,78.4,47.6
2026/09/16 02:16,78.3,47.6
2026/09/16 02:15,78.3,47.6
2026/09/16 02:14,78.3,47.6
2026/09/16 02:13,78.3,47.4
2026/09/16 02:12,78.4,47.6
2026/09/16 02:11,78.4,47.4
2026/09/16 02:10,78.3,47.3
2026/09/16 02:09,78.4,47.4
2026/09/16 02:08,78.4,47.3
2026/09/16 02:07,78.3,47.2
2026/09/16 02:06,78.3,47.3
2026/09/16 02:05,78.3,47.2
2026/09/16 02:04,78.3,47.1
2026/09/16 02:03,78.3,47.0
2026/09/16 02:02,78.3,46.8
2026/09/16 02:01,78.3,46.8
2026/09/16 02:00,78.4,46.8
2026/09/16 01:59,78.3,46.7
2026/09/16 01:58,78.3,46.7
2026/09/16 01:57,78.3,46.7
2026/09/16 01:56,78.3,46.7
2026/09/16 01:55,78.3,46.7
2026/09/16 01:54,78.4,46.6
2026/09/16 01:53,78.4,46.7
2026/09/16 01:52,78.4,46.6
2026/09/16 01:51,78.4,46.7
2026/09/16 01:50,78.4,46.6
2026/09/16 01:49,78.3,46.8
2026/09/16 01:48,78.3,46.5
2026/09/16 01:47,78.4,46.4
2026/09/16 01:46,78.4,46.4
2026/09/16 01:45,78.4,46.4
2026/09/16 01:44,78.4,46.3
2026/09/16 01:43,78.4,46.3
2026/09/16 01:42,78.4,46.3
2026/09/16 01:41,78.4,46.4
2026/09/16 01:40,78.4,46.3
2026/09/16 01:39,78.4,46.3
2026/09/16 01:38,78.4,46.3
2026/09/16 01:37,78.4,46.3
2026/09/16 01:36,78.4,46.1
2026/09/16 01:35,78.4,46.1
2026/09/16 01:34,78.4,46.1
2026/09/16 01:33,78.4,46.1
2026/09/16 01:32,78.4,46.0
2026/09/16 01:31,78.4,46.1
2026/09/16 01:30,78.4,46.0
2026/09/16 01:29,78.4,46.0
2026/09/16 01:28,78.4,46.0
2026/09/16 01:27,78.4,46.0
2026/09/16 01:26,78.4,46.0
2026/09/16 01:25,78.4,46.0
2026/09/16 01:24,78.4,46.0
2026/09/16 01:23,78.4,46.0
2026/09/16 01:22,78.4,45.9
2026/09/16 01:21,78.4,45.9
2026/09/16 01:20,78.4,45.9
2026/09/16 01:19,78.4,45.8
2026/09/16 01:18,78.4,45.7
2026/09/16 01:17,78.4,45.6
2026/09/16 01:16,78.4,45.7
2026/09/16 01:15,78.4,45.6
2026/09/16 01:14,78.4,45.5
2026/09/16 01:13,78.4,45.4
2026/09/16 01:12,78.4,45.3
2026/09/16 01:11,78.4,45.4
2026/09/16 01:10,78.4,45.2
2026/09/16 01:09,78.4,45.2
2026/09/16 01:08,78.4,45.1
2026/09/16 01:07,78.4,45.0
2026/09/16 01:06,78.4,45.0
2026/09/16 01:05,78.4,45.0
2026/09/16 01:04,78.4,45.0
2026/09/16 01:03,78.4,45.0
2026/09/16 01:02,78.4,44.9
2026/09/16 01:01,78.4,44.9
2026/09/16 01:00,78.4,44.8
2026/09/16 00:59,78.4,44.7
2026/09/16 00:58,78.4,44.6
2026/09/16 00:57,78.4,44.6
2026/09/16 00:56,78.4,44.6
2026/09/16 00:55,78.4,44.4
2026/09/16 00:54,78.4,44.4
2026/09/16 00:53,78.4,44.3
2026/09/16 00:52,78.6,44.3
2026/09/16 00:51,78.4,44.2
2026/09/16 00:50,78.6,44.3
2026/09/16 00:49,78.6,44.2
2026/09/16 00:48,78.4,44.2
2026/09/16 00:47,78.4,44.1
2026/09/16 00:46,78.4,44.2
2026/09/16 00:45,78.4,44.1
2026/09/16 00:44,78.4,44.0
2026/09/16 00:43,78.4,43.9
2026/09/16 00:42,78.4,43.8
2026/09/16 00:41,78.4,43.6
2026/09/16 00:40,78.4,43.6
2026/09/16 00:39,78.4,43.4
2026/09/16 00:38,78.4,43.6
2026/09/16 00:37,78.4,43.3
2026/09/16 00:36,78.4,43.7
2026/09/16 00:35,78.4,43.5
2026/09/16 00:34,78.6,43.9
2026/09/16 00:33,78.4,43.6
2026/09/16 00:32,78.6,43.7
2026/09/16 00:31,78.4,43.9
2026/09/16 00:30,78.6,43.6
2026/09/16 00:29,78.6,43.8
2026/09/16 00:28,78.6,43.7
2026/09/16 00:27,78.6,43.7
2026/09/16 00:26,78.6,43.7
2026/09/16 00:25,78.6,43.7
2026/09/16 00:24,78.6,43.9
2026/09/16 00:23,78.4,44.0
2026/09/16 00:22,78.4,43.8
2026/09/16 00:21,78.6,43.8
2026/09/16 00:20,78.6,43.8
2026/09/16 00:19,78.6,43.8
2026/09/16 00:18,78.6,43.8
2026/09/16 00:17,78.6,43.7
2026/09/16 00:16,78.6,43.7
2026/09/16 00:15,78.6,43.5
2026/09/16 00:14,78.6,43.8
2026/09/16 00:13,78.6,43.6
2026/09/16 00:12,78.6,43.6
2026/09/16 00:11,78.6,43.8
2026/09/16 00:10,78.6,43.6
2026/09/16 00:09,78.6,43.9
2026/09/16 00:08,78.6,43.7
2026/09/16 00:07,78.6,43.6
2026/09/16 00:06,78.6,43.7
2026/09/16 00:05,78.6,43.6
2026/09/16 00:04,78.6,43.7
2026/09/16 00:03,78.6,43.9
2026/09/16 00:02,78.6,44.1
2026/09/16 00:01,78.6,43.8
2026/09/16 00:00,78.6,43.7
